nombre_archivo,ruta_relativa,col_1,col_2,col_3,col_4,col_5,col_6,col_7,col_8,col_9,col_10,col_11,col_12,col_13,col_14,col_15,col_16,col_17,col_18,col_19,col_20,col_21,col_22,col_23,col_24,col_25,col_26,col_27,col_28,col_29,col_30,col_31,col_32,col_33,col_34,col_35,col_36,col_37,col_38,col_39,col_40,col_41,col_42,col_43,col_44,col_45,col_46,col_47,col_48,col_49,col_50,col_51,col_52
summary_csvs.csv,ETL/summary_csvs.csv,nombre_archivo,ruta_relativa,col_1,col_2,col_3,col_4,col_5,col_6,col_7,col_8,col_9,col_10,col_11,col_12,col_13,col_14,col_15,col_16,col_17,col_18,col_19,col_20,col_21,col_22,col_23,col_24,col_25,col_26,col_27,col_28,col_29,col_30,col_31,col_32,col_33,col_34,col_35,col_36,col_37,col_38,col_39,col_40,col_41,col_42,col_43,col_44,col_45,col_46,col_47,col_48,col_49,col_50
df_mortalidad_final.csv,ETL/df_mortalidad_ccaa_sexo/df_mortalidad_final.csv,ccaa_code,ccaa_name,Edad,Periodo,Sexo,Total,,,,,,,,,,,,,,,,,,,,,,,,,,,,,,,,,,,,,,,,,,,,,,
tabla_27154.csv,ETL/df_mortalidad_ccaa_sexo/tabla_27154.csv,﻿Comunidades y Ciudades Autónomas	Sexo	Edad	Funciones	Periodo	Total,,,,,,,,,,,,,,,,,,,,,,,,,,,,,,,,,,,,,,,,,,,,,,,,,,,
mortality_women_18.csv,ETL/df_mortalidad_ccaa_sexo/mortalidad_policyspace_es/mortality_women_18.csv,Edad;2010;2011;2012;2013;2014;2015;2016;2017;2018;2019;2020,,,,,,,,,,,,,,,,,,,,,,,,,,,,,,,,,,,,,,,,,,,,,,,,,,,
mortality_men_02.csv,ETL/df_mortalidad_ccaa_sexo/mortalidad_policyspace_es/mortality_men_02.csv,Edad;2010;2011;2012;2013;2014;2015;2016;2017;2018;2019;2020,,,,,,,,,,,,,,,,,,,,,,,,,,,,,,,,,,,,,,,,,,,,,,,,,,,
mortality_women_01.csv,ETL/df_mortalidad_ccaa_sexo/mortalidad_policyspace_es/mortality_women_01.csv,Edad;2010;2011;2012;2013;2014;2015;2016;2017;2018;2019;2020,,,,,,,,,,,,,,,,,,,,,,,,,,,,,,,,,,,,,,,,,,,,,,,,,,,
mortality_women_04.csv,ETL/df_mortalidad_ccaa_sexo/mortalidad_policyspace_es/mortality_women_04.csv,Edad;2010;2011;2012;2013;2014;2015;2016;2017;2018;2019;2020,,,,,,,,,,,,,,,,,,,,,,,,,,,,,,,,,,,,,,,,,,,,,,,,,,,
mortality_men_01.csv,ETL/df_mortalidad_ccaa_sexo/mortalidad_policyspace_es/mortality_men_01.csv,Edad;2010;2011;2012;2013;2014;2015;2016;2017;2018;2019;2020,,,,,,,,,,,,,,,,,,,,,,,,,,,,,,,,,,,,,,,,,,,,,,,,,,,
mortality_women_12.csv,ETL/df_mortalidad_ccaa_sexo/mortalidad_policyspace_es/mortality_women_12.csv,Edad;2010;2011;2012;2013;2014;2015;2016;2017;2018;2019;2020,,,,,,,,,,,,,,,,,,,,,,,,,,,,,,,,,,,,,,,,,,,,,,,,,,,
mortality_men_07.csv,ETL/df_mortalidad_ccaa_sexo/mortalidad_policyspace_es/mortality_men_07.csv,Edad;2010;2011;2012;2013;2014;2015;2016;2017;2018;2019;2020,,,,,,,,,,,,,,,,,,,,,,,,,,,,,,,,,,,,,,,,,,,,,,,,,,,
mortality_men_05.csv,ETL/df_mortalidad_ccaa_sexo/mortalidad_policyspace_es/mortality_men_05.csv,Edad;2010;2011;2012;2013;2014;2015;2016;2017;2018;2019;2020,,,,,,,,,,,,,,,,,,,,,,,,,,,,,,,,,,,,,,,,,,,,,,,,,,,
mortality_men_16.csv,ETL/df_mortalidad_ccaa_sexo/mortalidad_policyspace_es/mortality_men_16.csv,Edad;2010;2011;2012;2013;2014;2015;2016;2017;2018;2019;2020,,,,,,,,,,,,,,,,,,,,,,,,,,,,,,,,,,,,,,,,,,,,,,,,,,,
mortality_men_10.csv,ETL/df_mortalidad_ccaa_sexo/mortalidad_policyspace_es/mortality_men_10.csv,Edad;2010;2011;2012;2013;2014;2015;2016;2017;2018;2019;2020,,,,,,,,,,,,,,,,,,,,,,,,,,,,,,,,,,,,,,,,,,,,,,,,,,,
mortality_men_15.csv,ETL/df_mortalidad_ccaa_sexo/mortalidad_policyspace_es/mortality_men_15.csv,Edad;2010;2011;2012;2013;2014;2015;2016;2017;2018;2019;2020,,,,,,,,,,,,,,,,,,,,,,,,,,,,,,,,,,,,,,,,,,,,,,,,,,,
mortality_men_06.csv,ETL/df_mortalidad_ccaa_sexo/mortalidad_policyspace_es/mortality_men_06.csv,Edad;2010;2011;2012;2013;2014;2015;2016;2017;2018;2019;2020,,,,,,,,,,,,,,,,,,,,,,,,,,,,,,,,,,,,,,,,,,,,,,,,,,,
mortality_women_16.csv,ETL/df_mortalidad_ccaa_sexo/mortalidad_policyspace_es/mortality_women_16.csv,Edad;2010;2011;2012;2013;2014;2015;2016;2017;2018;2019;2020,,,,,,,,,,,,,,,,,,,,,,,,,,,,,,,,,,,,,,,,,,,,,,,,,,,
mortality_men_13.csv,ETL/df_mortalidad_ccaa_sexo/mortalidad_policyspace_es/mortality_men_13.csv,Edad;2010;2011;2012;2013;2014;2015;2016;2017;2018;2019;2020,,,,,,,,,,,,,,,,,,,,,,,,,,,,,,,,,,,,,,,,,,,,,,,,,,,
mortality_women_10.csv,ETL/df_mortalidad_ccaa_sexo/mortalidad_policyspace_es/mortality_women_10.csv,Edad;2010;2011;2012;2013;2014;2015;2016;2017;2018;2019;2020,,,,,,,,,,,,,,,,,,,,,,,,,,,,,,,,,,,,,,,,,,,,,,,,,,,
mortality_men_12.csv,ETL/df_mortalidad_ccaa_sexo/mortalidad_policyspace_es/mortality_men_12.csv,Edad;2010;2011;2012;2013;2014;2015;2016;2017;2018;2019;2020,,,,,,,,,,,,,,,,,,,,,,,,,,,,,,,,,,,,,,,,,,,,,,,,,,,
mortality_women_03.csv,ETL/df_mortalidad_ccaa_sexo/mortalidad_policyspace_es/mortality_women_03.csv,Edad;2010;2011;2012;2013;2014;2015;2016;2017;2018;2019;2020,,,,,,,,,,,,,,,,,,,,,,,,,,,,,,,,,,,,,,,,,,,,,,,,,,,
mortality_men_11.csv,ETL/df_mortalidad_ccaa_sexo/mortalidad_policyspace_es/mortality_men_11.csv,Edad;2010;2011;2012;2013;2014;2015;2016;2017;2018;2019;2020,,,,,,,,,,,,,,,,,,,,,,,,,,,,,,,,,,,,,,,,,,,,,,,,,,,
mortality_men_04.csv,ETL/df_mortalidad_ccaa_sexo/mortalidad_policyspace_es/mortality_men_04.csv,Edad;2010;2011;2012;2013;2014;2015;2016;2017;2018;2019;2020,,,,,,,,,,,,,,,,,,,,,,,,,,,,,,,,,,,,,,,,,,,,,,,,,,,
mortality_women_06.csv,ETL/df_mortalidad_ccaa_sexo/mortalidad_policyspace_es/mortality_women_06.csv,Edad;2010;2011;2012;2013;2014;2015;2016;2017;2018;2019;2020,,,,,,,,,,,,,,,,,,,,,,,,,,,,,,,,,,,,,,,,,,,,,,,,,,,
mortality_men_03.csv,ETL/df_mortalidad_ccaa_sexo/mortalidad_policyspace_es/mortality_men_03.csv,Edad;2010;2011;2012;2013;2014;2015;2016;2017;2018;2019;2020,,,,,,,,,,,,,,,,,,,,,,,,,,,,,,,,,,,,,,,,,,,,,,,,,,,
mortality_women_19.csv,ETL/df_mortalidad_ccaa_sexo/mortalidad_policyspace_es/mortality_women_19.csv,Edad;2010;2011;2012;2013;2014;2015;2016;2017;2018;2019;2020,,,,,,,,,,,,,,,,,,,,,,,,,,,,,,,,,,,,,,,,,,,,,,,,,,,
mortality_men_19.csv,ETL/df_mortalidad_ccaa_sexo/mortalidad_policyspace_es/mortality_men_19.csv,Edad;2010;2011;2012;2013;2014;2015;2016;2017;2018;2019;2020,,,,,,,,,,,,,,,,,,,,,,,,,,,,,,,,,,,,,,,,,,,,,,,,,,,
mortality_women_02.csv,ETL/df_mortalidad_ccaa_sexo/mortalidad_policyspace_es/mortality_women_02.csv,Edad;2010;2011;2012;2013;2014;2015;2016;2017;2018;2019;2020,,,,,,,,,,,,,,,,,,,,,,,,,,,,,,,,,,,,,,,,,,,,,,,,,,,
mortality_women_05.csv,ETL/df_mortalidad_ccaa_sexo/mortalidad_policyspace_es/mortality_women_05.csv,Edad;2010;2011;2012;2013;2014;2015;2016;2017;2018;2019;2020,,,,,,,,,,,,,,,,,,,,,,,,,,,,,,,,,,,,,,,,,,,,,,,,,,,
mortality_men_18.csv,ETL/df_mortalidad_ccaa_sexo/mortalidad_policyspace_es/mortality_men_18.csv,Edad;2010;2011;2012;2013;2014;2015;2016;2017;2018;2019;2020,,,,,,,,,,,,,,,,,,,,,,,,,,,,,,,,,,,,,,,,,,,,,,,,,,,
mortality_women_07.csv,ETL/df_mortalidad_ccaa_sexo/mortalidad_policyspace_es/mortality_women_07.csv,Edad;2010;2011;2012;2013;2014;2015;2016;2017;2018;2019;2020,,,,,,,,,,,,,,,,,,,,,,,,,,,,,,,,,,,,,,,,,,,,,,,,,,,
mortality_men_17.csv,ETL/df_mortalidad_ccaa_sexo/mortalidad_policyspace_es/mortality_men_17.csv,Edad;2010;2011;2012;2013;2014;2015;2016;2017;2018;2019;2020,,,,,,,,,,,,,,,,,,,,,,,,,,,,,,,,,,,,,,,,,,,,,,,,,,,
mortality_men_09.csv,ETL/df_mortalidad_ccaa_sexo/mortalidad_policyspace_es/mortality_men_09.csv,Edad;2010;2011;2012;2013;2014;2015;2016;2017;2018;2019;2020,,,,,,,,,,,,,,,,,,,,,,,,,,,,,,,,,,,,,,,,,,,,,,,,,,,
mortality_women_15.csv,ETL/df_mortalidad_ccaa_sexo/mortalidad_policyspace_es/mortality_women_15.csv,Edad;2010;2011;2012;2013;2014;2015;2016;2017;2018;2019;2020,,,,,,,,,,,,,,,,,,,,,,,,,,,,,,,,,,,,,,,,,,,,,,,,,,,
mortality_women_09.csv,ETL/df_mortalidad_ccaa_sexo/mortalidad_policyspace_es/mortality_women_09.csv,Edad;2010;2011;2012;2013;2014;2015;2016;2017;2018;2019;2020,,,,,,,,,,,,,,,,,,,,,,,,,,,,,,,,,,,,,,,,,,,,,,,,,,,
mortality_women_13.csv,ETL/df_mortalidad_ccaa_sexo/mortalidad_policyspace_es/mortality_women_13.csv,Edad;2010;2011;2012;2013;2014;2015;2016;2017;2018;2019;2020,,,,,,,,,,,,,,,,,,,,,,,,,,,,,,,,,,,,,,,,,,,,,,,,,,,
mortality_women_11.csv,ETL/df_mortalidad_ccaa_sexo/mortalidad_policyspace_es/mortality_women_11.csv,Edad;2010;2011;2012;2013;2014;2015;2016;2017;2018;2019;2020,,,,,,,,,,,,,,,,,,,,,,,,,,,,,,,,,,,,,,,,,,,,,,,,,,,
mortality_women_17.csv,ETL/df_mortalidad_ccaa_sexo/mortalidad_policyspace_es/mortality_women_17.csv,Edad;2010;2011;2012;2013;2014;2015;2016;2017;2018;2019;2020,,,,,,,,,,,,,,,,,,,,,,,,,,,,,,,,,,,,,,,,,,,,,,,,,,,
mortality_men_14.csv,ETL/df_mortalidad_ccaa_sexo/mortalidad_policyspace_es/mortality_men_14.csv,Edad;2010;2011;2012;2013;2014;2015;2016;2017;2018;2019;2020,,,,,,,,,,,,,,,,,,,,,,,,,,,,,,,,,,,,,,,,,,,,,,,,,,,
mortality_men_08.csv,ETL/df_mortalidad_ccaa_sexo/mortalidad_policyspace_es/mortality_men_08.csv,Edad;2010;2011;2012;2013;2014;2015;2016;2017;2018;2019;2020,,,,,,,,,,,,,,,,,,,,,,,,,,,,,,,,,,,,,,,,,,,,,,,,,,,
mortality_women_08.csv,ETL/df_mortalidad_ccaa_sexo/mortalidad_policyspace_es/mortality_women_08.csv,Edad;2010;2011;2012;2013;2014;2015;2016;2017;2018;2019;2020,,,,,,,,,,,,,,,,,,,,,,,,,,,,,,,,,,,,,,,,,,,,,,,,,,,
mortality_women_14.csv,ETL/df_mortalidad_ccaa_sexo/mortalidad_policyspace_es/mortality_women_14.csv,Edad;2010;2011;2012;2013;2014;2015;2016;2017;2018;2019;2020,,,,,,,,,,,,,,,,,,,,,,,,,,,,,,,,,,,,,,,,,,,,,,,,,,,
df_total_interpolado_full.csv,ETL/indicadores_fecundidad_municipio_provincias/df_total_interpolado_full.csv,provincias_name,periodo,edad,total_interpolado,CODAUTO,Comunidad Autónoma,,,,,,,,,,,,,,,,,,,,,,,,,,,,,,,,,,,,,,,,,,,,,,
tabla_29295.csv,ETL/indicadores_fecundidad_municipio_provincias/tabla_29295.csv,﻿Provincias	Grupos de edad	Periodo	Total,,,,,,,,,,,,,,,,,,,,,,,,,,,,,,,,,,,,,,,,,,,,,,,,,,,
df_total_interpolado_full_tasa_estandarizada.csv,ETL/indicadores_fecundidad_municipio_provincias/df_total_interpolado_full_tasa_estandarizada.csv,provincias_name,periodo,edad,total_interpolado,CODAUTO,Comunidad Autónoma,tasa_estandarizada,,,,,,,,,,,,,,,,,,,,,,,,,,,,,,,,,,,,,,,,,,,,,
codigos_ccaa_provincias.csv,ETL/indicadores_fecundidad_municipio_provincias/codigos_ccaa_provincias.csv,CODAUTO,Comunidad Autónoma,CPRO,Provincia,,,,,,,,,,,,,,,,,,,,,,,,,,,,,,,,,,,,,,,,,,,,,,,,
Comunitat_Valenciana.csv,ETL/indicadores_fecundidad_municipio_provincias/tasas_fertillidad_comunidades/Comunitat_Valenciana.csv,edad,1975,1976,1977,1978,1979,1980,1981,1982,1983,1984,1985,1986,1987,1988,1989,1990,1991,1992,1993,1994,1995,1996,1997,1998,1999,2000,2001,2002,2003,2004,2005,2006,2007,2008,2009,2010,2011,2012,2013,2014,2015,2016,2017,2018,2019,2020,2021,2022,2023,,
Aragón.csv,ETL/indicadores_fecundidad_municipio_provincias/tasas_fertillidad_comunidades/Aragón.csv,edad,1975,1976,1977,1978,1979,1980,1981,1982,1983,1984,1985,1986,1987,1988,1989,1990,1991,1992,1993,1994,1995,1996,1997,1998,1999,2000,2001,2002,2003,2004,2005,2006,2007,2008,2009,2010,2011,2012,2013,2014,2015,2016,2017,2018,2019,2020,2021,2022,2023,,
Cantabria.csv,ETL/indicadores_fecundidad_municipio_provincias/tasas_fertillidad_comunidades/Cantabria.csv,edad,1975,1976,1977,1978,1979,1980,1981,1982,1983,1984,1985,1986,1987,1988,1989,1990,1991,1992,1993,1994,1995,1996,1997,1998,1999,2000,2001,2002,2003,2004,2005,2006,2007,2008,2009,2010,2011,2012,2013,2014,2015,2016,2017,2018,2019,2020,2021,2022,2023,,
Madrid__Comunidad_de.csv,ETL/indicadores_fecundidad_municipio_provincias/tasas_fertillidad_comunidades/Madrid__Comunidad_de.csv,edad,1975,1976,1977,1978,1979,1980,1981,1982,1983,1984,1985,1986,1987,1988,1989,1990,1991,1992,1993,1994,1995,1996,1997,1998,1999,2000,2001,2002,2003,2004,2005,2006,2007,2008,2009,2010,2011,2012,2013,2014,2015,2016,2017,2018,2019,2020,2021,2022,2023,,
Canarias.csv,ETL/indicadores_fecundidad_municipio_provincias/tasas_fertillidad_comunidades/Canarias.csv,edad,1975,1976,1977,1978,1979,1980,1981,1982,1983,1984,1985,1986,1987,1988,1989,1990,1991,1992,1993,1994,1995,1996,1997,1998,1999,2000,2001,2002,2003,2004,2005,2006,2007,2008,2009,2010,2011,2012,2013,2014,2015,2016,2017,2018,2019,2020,2021,2022,2023,,
Galicia.csv,ETL/indicadores_fecundidad_municipio_provincias/tasas_fertillidad_comunidades/Galicia.csv,edad,1975,1976,1977,1978,1979,1980,1981,1982,1983,1984,1985,1986,1987,1988,1989,1990,1991,1992,1993,1994,1995,1996,1997,1998,1999,2000,2001,2002,2003,2004,2005,2006,2007,2008,2009,2010,2011,2012,2013,2014,2015,2016,2017,2018,2019,2020,2021,2022,2023,,
Castilla_y_León.csv,ETL/indicadores_fecundidad_municipio_provincias/tasas_fertillidad_comunidades/Castilla_y_León.csv,edad,1975,1976,1977,1978,1979,1980,1981,1982,1983,1984,1985,1986,1987,1988,1989,1990,1991,1992,1993,1994,1995,1996,1997,1998,1999,2000,2001,2002,2003,2004,2005,2006,2007,2008,2009,2010,2011,2012,2013,2014,2015,2016,2017,2018,2019,2020,2021,2022,2023,,
Murcia__Región_de.csv,ETL/indicadores_fecundidad_municipio_provincias/tasas_fertillidad_comunidades/Murcia__Región_de.csv,edad,1975,1976,1977,1978,1979,1980,1981,1982,1983,1984,1985,1986,1987,1988,1989,1990,1991,1992,1993,1994,1995,1996,1997,1998,1999,2000,2001,2002,2003,2004,2005,2006,2007,2008,2009,2010,2011,2012,2013,2014,2015,2016,2017,2018,2019,2020,2021,2022,2023,,
Cataluña.csv,ETL/indicadores_fecundidad_municipio_provincias/tasas_fertillidad_comunidades/Cataluña.csv,edad,1975,1976,1977,1978,1979,1980,1981,1982,1983,1984,1985,1986,1987,1988,1989,1990,1991,1992,1993,1994,1995,1996,1997,1998,1999,2000,2001,2002,2003,2004,2005,2006,2007,2008,2009,2010,2011,2012,2013,2014,2015,2016,2017,2018,2019,2020,2021,2022,2023,,
Andalucía.csv,ETL/indicadores_fecundidad_municipio_provincias/tasas_fertillidad_comunidades/Andalucía.csv,edad,1975,1976,1977,1978,1979,1980,1981,1982,1983,1984,1985,1986,1987,1988,1989,1990,1991,1992,1993,1994,1995,1996,1997,1998,1999,2000,2001,2002,2003,2004,2005,2006,2007,2008,2009,2010,2011,2012,2013,2014,2015,2016,2017,2018,2019,2020,2021,2022,2023,,
Navarra__Comunidad_Foral_de.csv,ETL/indicadores_fecundidad_municipio_provincias/tasas_fertillidad_comunidades/Navarra__Comunidad_Foral_de.csv,edad,1975,1976,1977,1978,1979,1980,1981,1982,1983,1984,1985,1986,1987,1988,1989,1990,1991,1992,1993,1994,1995,1996,1997,1998,1999,2000,2001,2002,2003,2004,2005,2006,2007,2008,2009,2010,2011,2012,2013,2014,2015,2016,2017,2018,2019,2020,2021,2022,2023,,
País_Vasco.csv,ETL/indicadores_fecundidad_municipio_provincias/tasas_fertillidad_comunidades/País_Vasco.csv,edad,1975,1976,1977,1978,1979,1980,1981,1982,1983,1984,1985,1986,1987,1988,1989,1990,1991,1992,1993,1994,1995,1996,1997,1998,1999,2000,2001,2002,2003,2004,2005,2006,2007,2008,2009,2010,2011,2012,2013,2014,2015,2016,2017,2018,2019,2020,2021,2022,2023,,
Asturias__Principado_de.csv,ETL/indicadores_fecundidad_municipio_provincias/tasas_fertillidad_comunidades/Asturias__Principado_de.csv,edad,1975,1976,1977,1978,1979,1980,1981,1982,1983,1984,1985,1986,1987,1988,1989,1990,1991,1992,1993,1994,1995,1996,1997,1998,1999,2000,2001,2002,2003,2004,2005,2006,2007,2008,2009,2010,2011,2012,2013,2014,2015,2016,2017,2018,2019,2020,2021,2022,2023,,
Extremadura.csv,ETL/indicadores_fecundidad_municipio_provincias/tasas_fertillidad_comunidades/Extremadura.csv,edad,1975,1976,1977,1978,1979,1980,1981,1982,1983,1984,1985,1986,1987,1988,1989,1990,1991,1992,1993,1994,1995,1996,1997,1998,1999,2000,2001,2002,2003,2004,2005,2006,2007,2008,2009,2010,2011,2012,2013,2014,2015,2016,2017,2018,2019,2020,2021,2022,2023,,
Rioja__La.csv,ETL/indicadores_fecundidad_municipio_provincias/tasas_fertillidad_comunidades/Rioja__La.csv,edad,1975,1976,1977,1978,1979,1980,1981,1982,1983,1984,1985,1986,1987,1988,1989,1990,1991,1992,1993,1994,1995,1996,1997,1998,1999,2000,2001,2002,2003,2004,2005,2006,2007,2008,2009,2010,2011,2012,2013,2014,2015,2016,2017,2018,2019,2020,2021,2022,2023,,
Ceuta.csv,ETL/indicadores_fecundidad_municipio_provincias/tasas_fertillidad_comunidades/Ceuta.csv,edad,1975,1976,1977,1978,1979,1980,1981,1982,1983,1984,1985,1986,1987,1988,1989,1990,1991,1992,1993,1994,1995,1996,1997,1998,1999,2000,2001,2002,2003,2004,2005,2006,2007,2008,2009,2010,2011,2012,2013,2014,2015,2016,2017,2018,2019,2020,2021,2022,2023,,
Castilla-La_Mancha.csv,ETL/indicadores_fecundidad_municipio_provincias/tasas_fertillidad_comunidades/Castilla-La_Mancha.csv,edad,1975,1976,1977,1978,1979,1980,1981,1982,1983,1984,1985,1986,1987,1988,1989,1990,1991,1992,1993,1994,1995,1996,1997,1998,1999,2000,2001,2002,2003,2004,2005,2006,2007,2008,2009,2010,2011,2012,2013,2014,2015,2016,2017,2018,2019,2020,2021,2022,2023,,
Melilla.csv,ETL/indicadores_fecundidad_municipio_provincias/tasas_fertillidad_comunidades/Melilla.csv,edad,1975,1976,1977,1978,1979,1980,1981,1982,1983,1984,1985,1986,1987,1988,1989,1990,1991,1992,1993,1994,1995,1996,1997,1998,1999,2000,2001,2002,2003,2004,2005,2006,2007,2008,2009,2010,2011,2012,2013,2014,2015,2016,2017,2018,2019,2020,2021,2022,2023,,
Balears__Illes.csv,ETL/indicadores_fecundidad_municipio_provincias/tasas_fertillidad_comunidades/Balears__Illes.csv,edad,1975,1976,1977,1978,1979,1980,1981,1982,1983,1984,1985,1986,1987,1988,1989,1990,1991,1992,1993,1994,1995,1996,1997,1998,1999,2000,2001,2002,2003,2004,2005,2006,2007,2008,2009,2010,2011,2012,2013,2014,2015,2016,2017,2018,2019,2020,2021,2022,2023,,
Girona.csv,ETL/indicadores_fecundidad_municipio_provincias/tasas_fertilidad_provincias/Girona.csv,edad,1975,1976,1977,1978,1979,1980,1981,1982,1983,1984,1985,1986,1987,1988,1989,1990,1991,1992,1993,1994,1995,1996,1997,1998,1999,2000,2001,2002,2003,2004,2005,2006,2007,2008,2009,2010,2011,2012,2013,2014,2015,2016,2017,2018,2019,2020,2021,2022,2023,,
Lleida.csv,ETL/indicadores_fecundidad_municipio_provincias/tasas_fertilidad_provincias/Lleida.csv,edad,1975,1976,1977,1978,1979,1980,1981,1982,1983,1984,1985,1986,1987,1988,1989,1990,1991,1992,1993,1994,1995,1996,1997,1998,1999,2000,2001,2002,2003,2004,2005,2006,2007,2008,2009,2010,2011,2012,2013,2014,2015,2016,2017,2018,2019,2020,2021,2022,2023,,
Ourense.csv,ETL/indicadores_fecundidad_municipio_provincias/tasas_fertilidad_provincias/Ourense.csv,edad,1975,1976,1977,1978,1979,1980,1981,1982,1983,1984,1985,1986,1987,1988,1989,1990,1991,1992,1993,1994,1995,1996,1997,1998,1999,2000,2001,2002,2003,2004,2005,2006,2007,2008,2009,2010,2011,2012,2013,2014,2015,2016,2017,2018,2019,2020,2021,2022,2023,,
Navarra.csv,ETL/indicadores_fecundidad_municipio_provincias/tasas_fertilidad_provincias/Navarra.csv,edad,1975,1976,1977,1978,1979,1980,1981,1982,1983,1984,1985,1986,1987,1988,1989,1990,1991,1992,1993,1994,1995,1996,1997,1998,1999,2000,2001,2002,2003,2004,2005,2006,2007,2008,2009,2010,2011,2012,2013,2014,2015,2016,2017,2018,2019,2020,2021,2022,2023,,
Gipuzkoa.csv,ETL/indicadores_fecundidad_municipio_provincias/tasas_fertilidad_provincias/Gipuzkoa.csv,edad,1975,1976,1977,1978,1979,1980,1981,1982,1983,1984,1985,1986,1987,1988,1989,1990,1991,1992,1993,1994,1995,1996,1997,1998,1999,2000,2001,2002,2003,2004,2005,2006,2007,2008,2009,2010,2011,2012,2013,2014,2015,2016,2017,2018,2019,2020,2021,2022,2023,,
Cantabria.csv,ETL/indicadores_fecundidad_municipio_provincias/tasas_fertilidad_provincias/Cantabria.csv,edad,1975,1976,1977,1978,1979,1980,1981,1982,1983,1984,1985,1986,1987,1988,1989,1990,1991,1992,1993,1994,1995,1996,1997,1998,1999,2000,2001,2002,2003,2004,2005,2006,2007,2008,2009,2010,2011,2012,2013,2014,2015,2016,2017,2018,2019,2020,2021,2022,2023,,
Araba_Álava.csv,ETL/indicadores_fecundidad_municipio_provincias/tasas_fertilidad_provincias/Araba_Álava.csv,edad,1975,1976,1977,1978,1979,1980,1981,1982,1983,1984,1985,1986,1987,1988,1989,1990,1991,1992,1993,1994,1995,1996,1997,1998,1999,2000,2001,2002,2003,2004,2005,2006,2007,2008,2009,2010,2011,2012,2013,2014,2015,2016,2017,2018,2019,2020,2021,2022,2023,,
Almería.csv,ETL/indicadores_fecundidad_municipio_provincias/tasas_fertilidad_provincias/Almería.csv,edad,1975,1976,1977,1978,1979,1980,1981,1982,1983,1984,1985,1986,1987,1988,1989,1990,1991,1992,1993,1994,1995,1996,1997,1998,1999,2000,2001,2002,2003,2004,2005,2006,2007,2008,2009,2010,2011,2012,2013,2014,2015,2016,2017,2018,2019,2020,2021,2022,2023,,
Palencia.csv,ETL/indicadores_fecundidad_municipio_provincias/tasas_fertilidad_provincias/Palencia.csv,edad,1975,1976,1977,1978,1979,1980,1981,1982,1983,1984,1985,1986,1987,1988,1989,1990,1991,1992,1993,1994,1995,1996,1997,1998,1999,2000,2001,2002,2003,2004,2005,2006,2007,2008,2009,2010,2011,2012,2013,2014,2015,2016,2017,2018,2019,2020,2021,2022,2023,,
Murcia.csv,ETL/indicadores_fecundidad_municipio_provincias/tasas_fertilidad_provincias/Murcia.csv,edad,1975,1976,1977,1978,1979,1980,1981,1982,1983,1984,1985,1986,1987,1988,1989,1990,1991,1992,1993,1994,1995,1996,1997,1998,1999,2000,2001,2002,2003,2004,2005,2006,2007,2008,2009,2010,2011,2012,2013,2014,2015,2016,2017,2018,2019,2020,2021,2022,2023,,
Segovia.csv,ETL/indicadores_fecundidad_municipio_provincias/tasas_fertilidad_provincias/Segovia.csv,edad,1975,1976,1977,1978,1979,1980,1981,1982,1983,1984,1985,1986,1987,1988,1989,1990,1991,1992,1993,1994,1995,1996,1997,1998,1999,2000,2001,2002,2003,2004,2005,2006,2007,2008,2009,2010,2011,2012,2013,2014,2015,2016,2017,2018,2019,2020,2021,2022,2023,,
Alicante_Alacant.csv,ETL/indicadores_fecundidad_municipio_provincias/tasas_fertilidad_provincias/Alicante_Alacant.csv,edad,1975,1976,1977,1978,1979,1980,1981,1982,1983,1984,1985,1986,1987,1988,1989,1990,1991,1992,1993,1994,1995,1996,1997,1998,1999,2000,2001,2002,2003,2004,2005,2006,2007,2008,2009,2010,2011,2012,2013,2014,2015,2016,2017,2018,2019,2020,2021,2022,2023,,
Tarragona.csv,ETL/indicadores_fecundidad_municipio_provincias/tasas_fertilidad_provincias/Tarragona.csv,edad,1975,1976,1977,1978,1979,1980,1981,1982,1983,1984,1985,1986,1987,1988,1989,1990,1991,1992,1993,1994,1995,1996,1997,1998,1999,2000,2001,2002,2003,2004,2005,2006,2007,2008,2009,2010,2011,2012,2013,2014,2015,2016,2017,2018,2019,2020,2021,2022,2023,,
Teruel.csv,ETL/indicadores_fecundidad_municipio_provincias/tasas_fertilidad_provincias/Teruel.csv,edad,1975,1976,1977,1978,1979,1980,1981,1982,1983,1984,1985,1986,1987,1988,1989,1990,1991,1992,1993,1994,1995,1996,1997,1998,1999,2000,2001,2002,2003,2004,2005,2006,2007,2008,2009,2010,2011,2012,2013,2014,2015,2016,2017,2018,2019,2020,2021,2022,2023,,
Albacete.csv,ETL/indicadores_fecundidad_municipio_provincias/tasas_fertilidad_provincias/Albacete.csv,edad,1975,1976,1977,1978,1979,1980,1981,1982,1983,1984,1985,1986,1987,1988,1989,1990,1991,1992,1993,1994,1995,1996,1997,1998,1999,2000,2001,2002,2003,2004,2005,2006,2007,2008,2009,2010,2011,2012,2013,2014,2015,2016,2017,2018,2019,2020,2021,2022,2023,,
Huelva.csv,ETL/indicadores_fecundidad_municipio_provincias/tasas_fertilidad_provincias/Huelva.csv,edad,1975,1976,1977,1978,1979,1980,1981,1982,1983,1984,1985,1986,1987,1988,1989,1990,1991,1992,1993,1994,1995,1996,1997,1998,1999,2000,2001,2002,2003,2004,2005,2006,2007,2008,2009,2010,2011,2012,2013,2014,2015,2016,2017,2018,2019,2020,2021,2022,2023,,
Asturias.csv,ETL/indicadores_fecundidad_municipio_provincias/tasas_fertilidad_provincias/Asturias.csv,edad,1975,1976,1977,1978,1979,1980,1981,1982,1983,1984,1985,1986,1987,1988,1989,1990,1991,1992,1993,1994,1995,1996,1997,1998,1999,2000,2001,2002,2003,2004,2005,2006,2007,2008,2009,2010,2011,2012,2013,2014,2015,2016,2017,2018,2019,2020,2021,2022,2023,,
Valencia_València.csv,ETL/indicadores_fecundidad_municipio_provincias/tasas_fertilidad_provincias/Valencia_València.csv,edad,1975,1976,1977,1978,1979,1980,1981,1982,1983,1984,1985,1986,1987,1988,1989,1990,1991,1992,1993,1994,1995,1996,1997,1998,1999,2000,2001,2002,2003,2004,2005,2006,2007,2008,2009,2010,2011,2012,2013,2014,2015,2016,2017,2018,2019,2020,2021,2022,2023,,
Coruña__A.csv,ETL/indicadores_fecundidad_municipio_provincias/tasas_fertilidad_provincias/Coruña__A.csv,edad,1975,1976,1977,1978,1979,1980,1981,1982,1983,1984,1985,1986,1987,1988,1989,1990,1991,1992,1993,1994,1995,1996,1997,1998,1999,2000,2001,2002,2003,2004,2005,2006,2007,2008,2009,2010,2011,2012,2013,2014,2015,2016,2017,2018,2019,2020,2021,2022,2023,,
León.csv,ETL/indicadores_fecundidad_municipio_provincias/tasas_fertilidad_provincias/León.csv,edad,1975,1976,1977,1978,1979,1980,1981,1982,1983,1984,1985,1986,1987,1988,1989,1990,1991,1992,1993,1994,1995,1996,1997,1998,1999,2000,2001,2002,2003,2004,2005,2006,2007,2008,2009,2010,2011,2012,2013,2014,2015,2016,2017,2018,2019,2020,2021,2022,2023,,
Bizkaia.csv,ETL/indicadores_fecundidad_municipio_provincias/tasas_fertilidad_provincias/Bizkaia.csv,edad,1975,1976,1977,1978,1979,1980,1981,1982,1983,1984,1985,1986,1987,1988,1989,1990,1991,1992,1993,1994,1995,1996,1997,1998,1999,2000,2001,2002,2003,2004,2005,2006,2007,2008,2009,2010,2011,2012,2013,2014,2015,2016,2017,2018,2019,2020,2021,2022,2023,,
Badajoz.csv,ETL/indicadores_fecundidad_municipio_provincias/tasas_fertilidad_provincias/Badajoz.csv,edad,1975,1976,1977,1978,1979,1980,1981,1982,1983,1984,1985,1986,1987,1988,1989,1990,1991,1992,1993,1994,1995,1996,1997,1998,1999,2000,2001,2002,2003,2004,2005,2006,2007,2008,2009,2010,2011,2012,2013,2014,2015,2016,2017,2018,2019,2020,2021,2022,2023,,
Valladolid.csv,ETL/indicadores_fecundidad_municipio_provincias/tasas_fertilidad_provincias/Valladolid.csv,edad,1975,1976,1977,1978,1979,1980,1981,1982,1983,1984,1985,1986,1987,1988,1989,1990,1991,1992,1993,1994,1995,1996,1997,1998,1999,2000,2001,2002,2003,2004,2005,2006,2007,2008,2009,2010,2011,2012,2013,2014,2015,2016,2017,2018,2019,2020,2021,2022,2023,,
Barcelona.csv,ETL/indicadores_fecundidad_municipio_provincias/tasas_fertilidad_provincias/Barcelona.csv,edad,1975,1976,1977,1978,1979,1980,1981,1982,1983,1984,1985,1986,1987,1988,1989,1990,1991,1992,1993,1994,1995,1996,1997,1998,1999,2000,2001,2002,2003,2004,2005,2006,2007,2008,2009,2010,2011,2012,2013,2014,2015,2016,2017,2018,2019,2020,2021,2022,2023,,
Ciudad_Real.csv,ETL/indicadores_fecundidad_municipio_provincias/tasas_fertilidad_provincias/Ciudad_Real.csv,edad,1975,1976,1977,1978,1979,1980,1981,1982,1983,1984,1985,1986,1987,1988,1989,1990,1991,1992,1993,1994,1995,1996,1997,1998,1999,2000,2001,2002,2003,2004,2005,2006,2007,2008,2009,2010,2011,2012,2013,2014,2015,2016,2017,2018,2019,2020,2021,2022,2023,,
Madrid.csv,ETL/indicadores_fecundidad_municipio_provincias/tasas_fertilidad_provincias/Madrid.csv,edad,1975,1976,1977,1978,1979,1980,1981,1982,1983,1984,1985,1986,1987,1988,1989,1990,1991,1992,1993,1994,1995,1996,1997,1998,1999,2000,2001,2002,2003,2004,2005,2006,2007,2008,2009,2010,2011,2012,2013,2014,2015,2016,2017,2018,2019,2020,2021,2022,2023,,
Jaén.csv,ETL/indicadores_fecundidad_municipio_provincias/tasas_fertilidad_provincias/Jaén.csv,edad,1975,1976,1977,1978,1979,1980,1981,1982,1983,1984,1985,1986,1987,1988,1989,1990,1991,1992,1993,1994,1995,1996,1997,1998,1999,2000,2001,2002,2003,2004,2005,2006,2007,2008,2009,2010,2011,2012,2013,2014,2015,2016,2017,2018,2019,2020,2021,2022,2023,,
Guadalajara.csv,ETL/indicadores_fecundidad_municipio_provincias/tasas_fertilidad_provincias/Guadalajara.csv,edad,1975,1976,1977,1978,1979,1980,1981,1982,1983,1984,1985,1986,1987,1988,1989,1990,1991,1992,1993,1994,1995,1996,1997,1998,1999,2000,2001,2002,2003,2004,2005,2006,2007,2008,2009,2010,2011,2012,2013,2014,2015,2016,2017,2018,2019,2020,2021,2022,2023,,
Sevilla.csv,ETL/indicadores_fecundidad_municipio_provincias/tasas_fertilidad_provincias/Sevilla.csv,edad,1975,1976,1977,1978,1979,1980,1981,1982,1983,1984,1985,1986,1987,1988,1989,1990,1991,1992,1993,1994,1995,1996,1997,1998,1999,2000,2001,2002,2003,2004,2005,2006,2007,2008,2009,2010,2011,2012,2013,2014,2015,2016,2017,2018,2019,2020,2021,2022,2023,,
Zaragoza.csv,ETL/indicadores_fecundidad_municipio_provincias/tasas_fertilidad_provincias/Zaragoza.csv,edad,1975,1976,1977,1978,1979,1980,1981,1982,1983,1984,1985,1986,1987,1988,1989,1990,1991,1992,1993,1994,1995,1996,1997,1998,1999,2000,2001,2002,2003,2004,2005,2006,2007,2008,2009,2010,2011,2012,2013,2014,2015,2016,2017,2018,2019,2020,2021,2022,2023,,
Pontevedra.csv,ETL/indicadores_fecundidad_municipio_provincias/tasas_fertilidad_provincias/Pontevedra.csv,edad,1975,1976,1977,1978,1979,1980,1981,1982,1983,1984,1985,1986,1987,1988,1989,1990,1991,1992,1993,1994,1995,1996,1997,1998,1999,2000,2001,2002,2003,2004,2005,2006,2007,2008,2009,2010,2011,2012,2013,2014,2015,2016,2017,2018,2019,2020,2021,2022,2023,,
Granada.csv,ETL/indicadores_fecundidad_municipio_provincias/tasas_fertilidad_provincias/Granada.csv,edad,1975,1976,1977,1978,1979,1980,1981,1982,1983,1984,1985,1986,1987,1988,1989,1990,1991,1992,1993,1994,1995,1996,1997,1998,1999,2000,2001,2002,2003,2004,2005,2006,2007,2008,2009,2010,2011,2012,2013,2014,2015,2016,2017,2018,2019,2020,2021,2022,2023,,
Castellón_Castelló.csv,ETL/indicadores_fecundidad_municipio_provincias/tasas_fertilidad_provincias/Castellón_Castelló.csv,edad,1975,1976,1977,1978,1979,1980,1981,1982,1983,1984,1985,1986,1987,1988,1989,1990,1991,1992,1993,1994,1995,1996,1997,1998,1999,2000,2001,2002,2003,2004,2005,2006,2007,2008,2009,2010,2011,2012,2013,2014,2015,2016,2017,2018,2019,2020,2021,2022,2023,,
Salamanca.csv,ETL/indicadores_fecundidad_municipio_provincias/tasas_fertilidad_provincias/Salamanca.csv,edad,1975,1976,1977,1978,1979,1980,1981,1982,1983,1984,1985,1986,1987,1988,1989,1990,1991,1992,1993,1994,1995,1996,1997,1998,1999,2000,2001,2002,2003,2004,2005,2006,2007,2008,2009,2010,2011,2012,2013,2014,2015,2016,2017,2018,2019,2020,2021,2022,2023,,
Burgos.csv,ETL/indicadores_fecundidad_municipio_provincias/tasas_fertilidad_provincias/Burgos.csv,edad,1975,1976,1977,1978,1979,1980,1981,1982,1983,1984,1985,1986,1987,1988,1989,1990,1991,1992,1993,1994,1995,1996,1997,1998,1999,2000,2001,2002,2003,2004,2005,2006,2007,2008,2009,2010,2011,2012,2013,2014,2015,2016,2017,2018,2019,2020,2021,2022,2023,,
Cáceres.csv,ETL/indicadores_fecundidad_municipio_provincias/tasas_fertilidad_provincias/Cáceres.csv,edad,1975,1976,1977,1978,1979,1980,1981,1982,1983,1984,1985,1986,1987,1988,1989,1990,1991,1992,1993,1994,1995,1996,1997,1998,1999,2000,2001,2002,2003,2004,2005,2006,2007,2008,2009,2010,2011,2012,2013,2014,2015,2016,2017,2018,2019,2020,2021,2022,2023,,
Toledo.csv,ETL/indicadores_fecundidad_municipio_provincias/tasas_fertilidad_provincias/Toledo.csv,edad,1975,1976,1977,1978,1979,1980,1981,1982,1983,1984,1985,1986,1987,1988,1989,1990,1991,1992,1993,1994,1995,1996,1997,1998,1999,2000,2001,2002,2003,2004,2005,2006,2007,2008,2009,2010,2011,2012,2013,2014,2015,2016,2017,2018,2019,2020,2021,2022,2023,,
Rioja__La.csv,ETL/indicadores_fecundidad_municipio_provincias/tasas_fertilidad_provincias/Rioja__La.csv,edad,1975,1976,1977,1978,1979,1980,1981,1982,1983,1984,1985,1986,1987,1988,1989,1990,1991,1992,1993,1994,1995,1996,1997,1998,1999,2000,2001,2002,2003,2004,2005,2006,2007,2008,2009,2010,2011,2012,2013,2014,2015,2016,2017,2018,2019,2020,2021,2022,2023,,
Córdoba.csv,ETL/indicadores_fecundidad_municipio_provincias/tasas_fertilidad_provincias/Córdoba.csv,edad,1975,1976,1977,1978,1979,1980,1981,1982,1983,1984,1985,1986,1987,1988,1989,1990,1991,1992,1993,1994,1995,1996,1997,1998,1999,2000,2001,2002,2003,2004,2005,2006,2007,2008,2009,2010,2011,2012,2013,2014,2015,2016,2017,2018,2019,2020,2021,2022,2023,,
Ceuta.csv,ETL/indicadores_fecundidad_municipio_provincias/tasas_fertilidad_provincias/Ceuta.csv,edad,1975,1976,1977,1978,1979,1980,1981,1982,1983,1984,1985,1986,1987,1988,1989,1990,1991,1992,1993,1994,1995,1996,1997,1998,1999,2000,2001,2002,2003,2004,2005,2006,2007,2008,2009,2010,2011,2012,2013,2014,2015,2016,2017,2018,2019,2020,2021,2022,2023,,
Melilla.csv,ETL/indicadores_fecundidad_municipio_provincias/tasas_fertilidad_provincias/Melilla.csv,edad,1975,1976,1977,1978,1979,1980,1981,1982,1983,1984,1985,1986,1987,1988,1989,1990,1991,1992,1993,1994,1995,1996,1997,1998,1999,2000,2001,2002,2003,2004,2005,2006,2007,2008,2009,2010,2011,2012,2013,2014,2015,2016,2017,2018,2019,2020,2021,2022,2023,,
Cádiz.csv,ETL/indicadores_fecundidad_municipio_provincias/tasas_fertilidad_provincias/Cádiz.csv,edad,1975,1976,1977,1978,1979,1980,1981,1982,1983,1984,1985,1986,1987,1988,1989,1990,1991,1992,1993,1994,1995,1996,1997,1998,1999,2000,2001,2002,2003,2004,2005,2006,2007,2008,2009,2010,2011,2012,2013,2014,2015,2016,2017,2018,2019,2020,2021,2022,2023,,
Lugo.csv,ETL/indicadores_fecundidad_municipio_provincias/tasas_fertilidad_provincias/Lugo.csv,edad,1975,1976,1977,1978,1979,1980,1981,1982,1983,1984,1985,1986,1987,1988,1989,1990,1991,1992,1993,1994,1995,1996,1997,1998,1999,2000,2001,2002,2003,2004,2005,2006,2007,2008,2009,2010,2011,2012,2013,2014,2015,2016,2017,2018,2019,2020,2021,2022,2023,,
Málaga.csv,ETL/indicadores_fecundidad_municipio_provincias/tasas_fertilidad_provincias/Málaga.csv,edad,1975,1976,1977,1978,1979,1980,1981,1982,1983,1984,1985,1986,1987,1988,1989,1990,1991,1992,1993,1994,1995,1996,1997,1998,1999,2000,2001,2002,2003,2004,2005,2006,2007,2008,2009,2010,2011,2012,2013,2014,2015,2016,2017,2018,2019,2020,2021,2022,2023,,
Huesca.csv,ETL/indicadores_fecundidad_municipio_provincias/tasas_fertilidad_provincias/Huesca.csv,edad,1975,1976,1977,1978,1979,1980,1981,1982,1983,1984,1985,1986,1987,1988,1989,1990,1991,1992,1993,1994,1995,1996,1997,1998,1999,2000,2001,2002,2003,2004,2005,2006,2007,2008,2009,2010,2011,2012,2013,2014,2015,2016,2017,2018,2019,2020,2021,2022,2023,,
Palmas__Las.csv,ETL/indicadores_fecundidad_municipio_provincias/tasas_fertilidad_provincias/Palmas__Las.csv,edad,1975,1976,1977,1978,1979,1980,1981,1982,1983,1984,1985,1986,1987,1988,1989,1990,1991,1992,1993,1994,1995,1996,1997,1998,1999,2000,2001,2002,2003,2004,2005,2006,2007,2008,2009,2010,2011,2012,2013,2014,2015,2016,2017,2018,2019,2020,2021,2022,2023,,
Balears__Illes.csv,ETL/indicadores_fecundidad_municipio_provincias/tasas_fertilidad_provincias/Balears__Illes.csv,edad,1975,1976,1977,1978,1979,1980,1981,1982,1983,1984,1985,1986,1987,1988,1989,1990,1991,1992,1993,1994,1995,1996,1997,1998,1999,2000,2001,2002,2003,2004,2005,2006,2007,2008,2009,2010,2011,2012,2013,2014,2015,2016,2017,2018,2019,2020,2021,2022,2023,,
Cuenca.csv,ETL/indicadores_fecundidad_municipio_provincias/tasas_fertilidad_provincias/Cuenca.csv,edad,1975,1976,1977,1978,1979,1980,1981,1982,1983,1984,1985,1986,1987,1988,1989,1990,1991,1992,1993,1994,1995,1996,1997,1998,1999,2000,2001,2002,2003,2004,2005,2006,2007,2008,2009,2010,2011,2012,2013,2014,2015,2016,2017,2018,2019,2020,2021,2022,2023,,
Ávila.csv,ETL/indicadores_fecundidad_municipio_provincias/tasas_fertilidad_provincias/Ávila.csv,edad,1975,1976,1977,1978,1979,1980,1981,1982,1983,1984,1985,1986,1987,1988,1989,1990,1991,1992,1993,1994,1995,1996,1997,1998,1999,2000,2001,2002,2003,2004,2005,2006,2007,2008,2009,2010,2011,2012,2013,2014,2015,2016,2017,2018,2019,2020,2021,2022,2023,,
Soria.csv,ETL/indicadores_fecundidad_municipio_provincias/tasas_fertilidad_provincias/Soria.csv,edad,1975,1976,1977,1978,1979,1980,1981,1982,1983,1984,1985,1986,1987,1988,1989,1990,1991,1992,1993,1994,1995,1996,1997,1998,1999,2000,2001,2002,2003,2004,2005,2006,2007,2008,2009,2010,2011,2012,2013,2014,2015,2016,2017,2018,2019,2020,2021,2022,2023,,
Santa_Cruz_de_Tenerife.csv,ETL/indicadores_fecundidad_municipio_provincias/tasas_fertilidad_provincias/Santa_Cruz_de_Tenerife.csv,edad,1975,1976,1977,1978,1979,1980,1981,1982,1983,1984,1985,1986,1987,1988,1989,1990,1991,1992,1993,1994,1995,1996,1997,1998,1999,2000,2001,2002,2003,2004,2005,2006,2007,2008,2009,2010,2011,2012,2013,2014,2015,2016,2017,2018,2019,2020,2021,2022,2023,,
Zamora.csv,ETL/indicadores_fecundidad_municipio_provincias/tasas_fertilidad_provincias/Zamora.csv,edad,1975,1976,1977,1978,1979,1980,1981,1982,1983,1984,1985,1986,1987,1988,1989,1990,1991,1992,1993,1994,1995,1996,1997,1998,1999,2000,2001,2002,2003,2004,2005,2006,2007,2008,2009,2010,2011,2012,2013,2014,2015,2016,2017,2018,2019,2020,2021,2022,2023,,
df_equivalencias_municipio_CORRECTO.csv,ETL/tabla_equivalencias/data/df_equivalencias_municipio_CORRECTO.csv,CODAUTO,CPRO,CMUN,DC,NOMBRE,mun_code,,,,,,,,,,,,,,,,,,,,,,,,,,,,,,,,,,,,,,,,,,,,,,
MUNICIPIOS.csv,ETL/distribucion_urbana/data para preprocesado input/MUNICIPIOS.csv,,,,,,,,,,,,,,,,,,,,,,,,,,,,,,,,,,,,,,,,,,,,,,,,,,,,
proporcion_urbana_real_2016_NOMENNCLATOR.csv,ETL/distribucion_urbana/data para preprocesado input/proporcion_urbana_real_2016_NOMENNCLATOR.csv,municipio_code,poblacion_nucleo,poblacion_diseminado,poblacion_total,proporcion_urbana_real,,,,,,,,,,,,,,,,,,,,,,,,,,,,,,,,,,,,,,,,,,,,,,,
distribucion_urbana_municipios_2003_to_2022.csv,ETL/distribucion_urbana/data_final/distribucion_urbana_municipios_2003_to_2022.csv,municipio_code,2003,2004,2005,2006,2007,2008,2009,2010,2011,2012,2013,2014,2015,2016,2017,2018,2019,2020,2021,2022,,,,,,,,,,,,,,,,,,,,,,,,,,,,,,,
df_urbana.csv,ETL/distribucion_urbana/data_intermedia/df_urbana.csv,municipio_code,municipio_name,periodo,suma_total,suma_total_dividida,SUPERFICIE_KM2,densidad_poblacion,proporcion_urbana_real,proporcion_urbana_estimada,error_absoluto,,,,,,,,,,,,,,,,,,,,,,,,,,,,,,,,,,,,,,,,,,
IRPFmunicipios_full_series.csv,ETL/idhm_indice_desarrollo_humano_municipal/IRPFmunicipios_full_series.csv,year,codigo_aeat,population,renta_bruta_total,renta_disponible_total,renta_disponible_per_capita,,,,,,,,,,,,,,,,,,,,,,,,,,,,,,,,,,,,,,,,,,,,,,
df_mortalidad_final.csv,ETL/idhm_indice_desarrollo_humano_municipal/df_mortalidad_final.csv,ccaa_code,ccaa_name,Edad,Periodo,Sexo,prob_mortalidad,,,,,,,,,,,,,,,,,,,,,,,,,,,,,,,,,,,,,,,,,,,,,,
idhm_2013_2022.csv,ETL/idhm_indice_desarrollo_humano_municipal/idhm_2013_2022.csv,year;cod_mun;idhm,,,,,,,,,,,,,,,,,,,,,,,,,,,,,,,,,,,,,,,,,,,,,,,,,,,
tabla_equivalencias_aeat_ine_clean_muncode.csv,ETL/idhm_indice_desarrollo_humano_municipal/tabla_equivalencias_aeat_ine_clean_muncode.csv,MUNI_DEF,CCAA,PROVINCIA,MUNICIPIO,mun_code,,,,,,,,,,,,,,,,,,,,,,,,,,,,,,,,,,,,,,,,,,,,,,,
df_health_index_ccaa.csv,ETL/idhm_indice_desarrollo_humano_municipal/df_health_index_ccaa.csv,CODAUTO,year,EV0,I_salud,,,,,,,,,,,,,,,,,,,,,,,,,,,,,,,,,,,,,,,,,,,,,,,,
tabla_equivalencias_aeat_ine_raw.csv,ETL/idhm_indice_desarrollo_humano_municipal/tabla_equivalencias_aeat_ine_raw.csv,MUNI_DEF,CCAA,PROVINCIA,MUNICIPIO,,,,,,,,,,,,,,,,,,,,,,,,,,,,,,,,,,,,,,,,,,,,,,,,
IRPFmunicipios_with_educacion.csv,ETL/idhm_indice_desarrollo_humano_municipal/IRPFmunicipios_with_educacion.csv,year,codigo_aeat,population,renta_bruta_total,renta_disponible_total,renta_disponible_per_capita,mun_code,NOMBRE,CODAUTO,EV0,I_salud,I_educ,,,,,,,,,,,,,,,,,,,,,,,,,,,,,,,,,,,,,,,,
IRPFmunicipios_imputado.csv,ETL/idhm_indice_desarrollo_humano_municipal/IRPFmunicipios_imputado.csv,year,codigo_aeat,population,renta_bruta_total,renta_disponible_total,renta_disponible_per_capita,,,,,,,,,,,,,,,,,,,,,,,,,,,,,,,,,,,,,,,,,,,,,,
df_education_index_ccaa.csv,ETL/idhm_indice_desarrollo_humano_municipal/df_education_index_ccaa.csv,CODAUTO,year,I_educ,,,,,,,,,,,,,,,,,,,,,,,,,,,,,,,,,,,,,,,,,,,,,,,,,
IRPFmunicipios_with_income.csv,ETL/idhm_indice_desarrollo_humano_municipal/IRPFmunicipios_with_income.csv,year,codigo_aeat,population,renta_bruta_total,renta_disponible_total,renta_disponible_per_capita,mun_code,NOMBRE,CODAUTO,EV0,I_salud,I_educ,I_ingresos,,,,,,,,,,,,,,,,,,,,,,,,,,,,,,,,,,,,,,,
IRPFmunicipios_with_salud.csv,ETL/idhm_indice_desarrollo_humano_municipal/IRPFmunicipios_with_salud.csv,year,codigo_aeat,population,renta_bruta_total,renta_disponible_total,renta_disponible_per_capita,mun_code,NOMBRE,CODAUTO,EV0,I_salud,,,,,,,,,,,,,,,,,,,,,,,,,,,,,,,,,,,,,,,,,
IRPFmunicipios_final_IDHM.csv,ETL/idhm_indice_desarrollo_humano_municipal/IRPFmunicipios_final_IDHM.csv,year,codigo_aeat,population,renta_bruta_total,renta_disponible_total,renta_disponible_per_capita,mun_code,NOMBRE,CODAUTO,EV0,I_salud,I_educ,I_ingresos,IDHM,,,,,,,,,,,,,,,,,,,,,,,,,,,,,,,,,,,,,,
df_educacion_processed_pivot.csv,ETL/idhm_indice_desarrollo_humano_municipal/df_educacion_processed_pivot.csv,ccaa_code,year,1,2,3,4,5,6,7,,,,,,,,,,,,,,,,,,,,,,,,,,,,,,,,,,,,,,,,,,,
IRPFmunicipios_processed.csv,ETL/idhm_indice_desarrollo_humano_municipal/IRPFmunicipios_processed.csv,year,codigo_aeat,population,renta_bruta_total,renta_disponible_total,renta_disponible_per_capita,,,,,,,,,,,,,,,,,,,,,,,,,,,,,,,,,,,,,,,,,,,,,,
ine_mortality_27154.csv,ETL/idhm_indice_desarrollo_humano_municipal/ine_mortality_27154.csv,﻿Comunidades y Ciudades Autónomas	Sexo	Edad	Funciones	Periodo	Total,,,,,,,,,,,,,,,,,,,,,,,,,,,,,,,,,,,,,,,,,,,,,,,,,,,
IRPFmunicipios_full_series_mapped.csv,ETL/idhm_indice_desarrollo_humano_municipal/IRPFmunicipios_full_series_mapped.csv,year,codigo_aeat,population,renta_bruta_total,renta_disponible_total,renta_disponible_per_capita,mun_code,NOMBRE,CODAUTO,,,,,,,,,,,,,,,,,,,,,,,,,,,,,,,,,,,,,,,,,,,
df_equivalencias_municipio_CORRECTO.csv,ETL/idhm_indice_desarrollo_humano_municipal/df_equivalencias_municipio_CORRECTO.csv,mun_code,NOMBRE,CODAUTO,,,,,,,,,,,,,,,,,,,,,,,,,,,,,,,,,,,,,,,,,,,,,,,,,
IRPFmunicipios.csv,ETL/idhm_indice_desarrollo_humano_municipal/IRPFmunicipios.csv,EJER;TRAMO;MUNI_DEF;MUNI_1;MUNI_2;MUNI_3;MUNI_4;MUNI_7;MUNI_8;MUNI_9;MUNI_10;MUNI_11;MUNI_12;MUNI_13;MUNI_14;MUNI_15;MUNI_16;MUNI_17;MUNI_18;MUNI_19;MUNI_23;MUNI_24;MUNI_25;MUNI_26;MUNI_27;MUNI_28;MUNI_29;MUNI_30;MUNI_31;MUNI_32;MUNI_56;MUNI_57;MUNI_58;MUNI_59;MUNI_62;MUNI_63;MUNI_64;MUNI_65;MUNI_66;MUNI_67;MUNI_68;MUNI_69;MUNI_70;MUNI_71;MUNI_72;MUNI_73;MUNI_74;MUNI_75;MUNI_80;MUNI_81;MUNI_82;MUNI_83;MUNI_86;MUNI_87;MUNI_88;MUNI_89;MUNI_90;MUNI_91;MUNI_92;MUNI_93;MUNI_94;MUNI_95;MUNI_122;MUNI_123;MUNI_124;MUNI_125;MUNI_126;MUNI_127;MUNI_128;MUNI_129;MUNI_130;MUNI_131;MUNI_132;MUNI_133;MUNI_136;MUNI_137;MUNI_138;MUNI_139;MUNI_140;MUNI_141;MUNI_142;MUNI_143;MUNI_144;MUNI_145;MUNI_146;MUNI_147;MUNI_148;MUNI_149;MUNI_150;MUNI_151;MUNI_152;MUNI_153;MUNI_154;MUNI_155;MUNI_156;MUNI_157;MUNI_158;MUNI_159;MUNI_160;MUNI_161;MUNI_164;MUNI_165;MUNI_168;MUNI_169;MUNI_170;MUNI_171;MUNI_173;MUNI_172;MUNI_179;MUNI_180;MUNI_181;MUNI_182;MUNI_183;MUNI_184;MUNI_185,,,,,,,,,,,,,,,,,,,,,,,,,,,,,,,,,,,,,,,,,,,,,,,,,,,
ine_education_65289.csv,ETL/idhm_indice_desarrollo_humano_municipal/ine_education_65289.csv,﻿Sexo	Comunidades y Ciudades Autónomas	Nivel de formación alcanzado	Periodo	Total,,,,,,,,,,,,,,,,,,,,,,,,,,,,,,,,,,,,,,,,,,,,,,,,,,,
cifras_poblacion_municipio.csv,ETL/cifras_poblacion_municipio/cifras_poblacion_municipio.csv,mun_code,1996,1998,1999,2000,2001,2002,2003,2004,2005,2006,2007,2008,2009,2010,2011,2012,2013,2014,2015,2016,2017,2018,2019,2020,2021,2022,2023,2024,num_outliers,,,,,,,,,,,,,,,,,,,,,,
33575.csv,ETL/cifras_poblacion_municipio/content/33575.csv,﻿Sexo	Municipios	Edad (año a año)	Periodo	Total,,,,,,,,,,,,,,,,,,,,,,,,,,,,,,,,,,,,,,,,,,,,,,,,,,,
cifras_municipio_mujeres_2007.csv,ETL/cifras_poblacion_municipio/data_final/drive-download-20250506T180657Z-001/cifras_municipio_mujeres_2007.csv,sexo,municipio_code,municipio_name,edad,periodo,total,,,,,,,,,,,,,,,,,,,,,,,,,,,,,,,,,,,,,,,,,,,,,,
cifras_municipio_hombres_2007.csv,ETL/cifras_poblacion_municipio/data_final/drive-download-20250506T180657Z-001/cifras_municipio_hombres_2007.csv,sexo,municipio_code,municipio_name,edad,periodo,total,,,,,,,,,,,,,,,,,,,,,,,,,,,,,,,,,,,,,,,,,,,,,,
cifras_municipio_hombres_2016.csv,ETL/cifras_poblacion_municipio/data_final/drive-download-20250506T180657Z-001/cifras_municipio_hombres_2016.csv,sexo,municipio_code,municipio_name,edad,periodo,total,,,,,,,,,,,,,,,,,,,,,,,,,,,,,,,,,,,,,,,,,,,,,,
cifras_municipio_mujeres_2012.csv,ETL/cifras_poblacion_municipio/data_final/drive-download-20250506T180657Z-001/cifras_municipio_mujeres_2012.csv,sexo,municipio_code,municipio_name,edad,periodo,total,,,,,,,,,,,,,,,,,,,,,,,,,,,,,,,,,,,,,,,,,,,,,,
cifras_municipio_hombres_2022.csv,ETL/cifras_poblacion_municipio/data_final/drive-download-20250506T180657Z-001/cifras_municipio_hombres_2022.csv,sexo,municipio_code,municipio_name,edad,periodo,total,,,,,,,,,,,,,,,,,,,,,,,,,,,,,,,,,,,,,,,,,,,,,,
cifras_municipio_mujeres_2015.csv,ETL/cifras_poblacion_municipio/data_final/drive-download-20250506T180657Z-001/cifras_municipio_mujeres_2015.csv,sexo,municipio_code,municipio_name,edad,periodo,total,,,,,,,,,,,,,,,,,,,,,,,,,,,,,,,,,,,,,,,,,,,,,,
cifras_municipio_mujeres_2010.csv,ETL/cifras_poblacion_municipio/data_final/drive-download-20250506T180657Z-001/cifras_municipio_mujeres_2010.csv,sexo,municipio_code,municipio_name,edad,periodo,total,,,,,,,,,,,,,,,,,,,,,,,,,,,,,,,,,,,,,,,,,,,,,,
cifras_municipio_hombres_2006.csv,ETL/cifras_poblacion_municipio/data_final/drive-download-20250506T180657Z-001/cifras_municipio_hombres_2006.csv,sexo,municipio_code,municipio_name,edad,periodo,total,,,,,,,,,,,,,,,,,,,,,,,,,,,,,,,,,,,,,,,,,,,,,,
cifras_municipio_hombres_2009.csv,ETL/cifras_poblacion_municipio/data_final/drive-download-20250506T180657Z-001/cifras_municipio_hombres_2009.csv,sexo,municipio_code,municipio_name,edad,periodo,total,,,,,,,,,,,,,,,,,,,,,,,,,,,,,,,,,,,,,,,,,,,,,,
cifras_municipio_mujeres_2009.csv,ETL/cifras_poblacion_municipio/data_final/drive-download-20250506T180657Z-001/cifras_municipio_mujeres_2009.csv,sexo,municipio_code,municipio_name,edad,periodo,total,,,,,,,,,,,,,,,,,,,,,,,,,,,,,,,,,,,,,,,,,,,,,,
cifras_municipio_hombres_2019.csv,ETL/cifras_poblacion_municipio/data_final/drive-download-20250506T180657Z-001/cifras_municipio_hombres_2019.csv,sexo,municipio_code,municipio_name,edad,periodo,total,,,,,,,,,,,,,,,,,,,,,,,,,,,,,,,,,,,,,,,,,,,,,,
cifras_municipio_hombres_2003.csv,ETL/cifras_poblacion_municipio/data_final/drive-download-20250506T180657Z-001/cifras_municipio_hombres_2003.csv,sexo,municipio_code,municipio_name,edad,periodo,total,,,,,,,,,,,,,,,,,,,,,,,,,,,,,,,,,,,,,,,,,,,,,,
cifras_municipio_mujeres_2003.csv,ETL/cifras_poblacion_municipio/data_final/drive-download-20250506T180657Z-001/cifras_municipio_mujeres_2003.csv,sexo,municipio_code,municipio_name,edad,periodo,total,,,,,,,,,,,,,,,,,,,,,,,,,,,,,,,,,,,,,,,,,,,,,,
cifras_municipio_hombres_2005.csv,ETL/cifras_poblacion_municipio/data_final/drive-download-20250506T180657Z-001/cifras_municipio_hombres_2005.csv,sexo,municipio_code,municipio_name,edad,periodo,total,,,,,,,,,,,,,,,,,,,,,,,,,,,,,,,,,,,,,,,,,,,,,,
cifras_municipio_mujeres_2006.csv,ETL/cifras_poblacion_municipio/data_final/drive-download-20250506T180657Z-001/cifras_municipio_mujeres_2006.csv,sexo,municipio_code,municipio_name,edad,periodo,total,,,,,,,,,,,,,,,,,,,,,,,,,,,,,,,,,,,,,,,,,,,,,,
cifras_municipio_mujeres_2008.csv,ETL/cifras_poblacion_municipio/data_final/drive-download-20250506T180657Z-001/cifras_municipio_mujeres_2008.csv,sexo,municipio_code,municipio_name,edad,periodo,total,,,,,,,,,,,,,,,,,,,,,,,,,,,,,,,,,,,,,,,,,,,,,,
cifras_municipio_hombres_2021.csv,ETL/cifras_poblacion_municipio/data_final/drive-download-20250506T180657Z-001/cifras_municipio_hombres_2021.csv,sexo,municipio_code,municipio_name,edad,periodo,total,,,,,,,,,,,,,,,,,,,,,,,,,,,,,,,,,,,,,,,,,,,,,,
cifras_municipio_hombres_2011.csv,ETL/cifras_poblacion_municipio/data_final/drive-download-20250506T180657Z-001/cifras_municipio_hombres_2011.csv,sexo,municipio_code,municipio_name,edad,periodo,total,,,,,,,,,,,,,,,,,,,,,,,,,,,,,,,,,,,,,,,,,,,,,,
cifras_municipio_hombres_2018.csv,ETL/cifras_poblacion_municipio/data_final/drive-download-20250506T180657Z-001/cifras_municipio_hombres_2018.csv,sexo,municipio_code,municipio_name,edad,periodo,total,,,,,,,,,,,,,,,,,,,,,,,,,,,,,,,,,,,,,,,,,,,,,,
cifras_municipio_hombres_2013.csv,ETL/cifras_poblacion_municipio/data_final/drive-download-20250506T180657Z-001/cifras_municipio_hombres_2013.csv,sexo,municipio_code,municipio_name,edad,periodo,total,,,,,,,,,,,,,,,,,,,,,,,,,,,,,,,,,,,,,,,,,,,,,,
cifras_municipio_hombres_2010.csv,ETL/cifras_poblacion_municipio/data_final/drive-download-20250506T180657Z-001/cifras_municipio_hombres_2010.csv,sexo,municipio_code,municipio_name,edad,periodo,total,,,,,,,,,,,,,,,,,,,,,,,,,,,,,,,,,,,,,,,,,,,,,,
cifras_municipio_hombres_2017.csv,ETL/cifras_poblacion_municipio/data_final/drive-download-20250506T180657Z-001/cifras_municipio_hombres_2017.csv,sexo,municipio_code,municipio_name,edad,periodo,total,,,,,,,,,,,,,,,,,,,,,,,,,,,,,,,,,,,,,,,,,,,,,,
cifras_municipio_hombres_2008.csv,ETL/cifras_poblacion_municipio/data_final/drive-download-20250506T180657Z-001/cifras_municipio_hombres_2008.csv,sexo,municipio_code,municipio_name,edad,periodo,total,,,,,,,,,,,,,,,,,,,,,,,,,,,,,,,,,,,,,,,,,,,,,,
cifras_municipio_hombres_2004.csv,ETL/cifras_poblacion_municipio/data_final/drive-download-20250506T180657Z-001/cifras_municipio_hombres_2004.csv,sexo,municipio_code,municipio_name,edad,periodo,total,,,,,,,,,,,,,,,,,,,,,,,,,,,,,,,,,,,,,,,,,,,,,,
cifras_municipio_hombres_2014.csv,ETL/cifras_poblacion_municipio/data_final/drive-download-20250506T180657Z-001/cifras_municipio_hombres_2014.csv,sexo,municipio_code,municipio_name,edad,periodo,total,,,,,,,,,,,,,,,,,,,,,,,,,,,,,,,,,,,,,,,,,,,,,,
cifras_municipio_mujeres_2013.csv,ETL/cifras_poblacion_municipio/data_final/drive-download-20250506T180657Z-001/cifras_municipio_mujeres_2013.csv,sexo,municipio_code,municipio_name,edad,periodo,total,,,,,,,,,,,,,,,,,,,,,,,,,,,,,,,,,,,,,,,,,,,,,,
cifras_municipio_mujeres_2014.csv,ETL/cifras_poblacion_municipio/data_final/drive-download-20250506T180657Z-001/cifras_municipio_mujeres_2014.csv,sexo,municipio_code,municipio_name,edad,periodo,total,,,,,,,,,,,,,,,,,,,,,,,,,,,,,,,,,,,,,,,,,,,,,,
cifras_municipio_hombres_2020.csv,ETL/cifras_poblacion_municipio/data_final/drive-download-20250506T180657Z-001/cifras_municipio_hombres_2020.csv,sexo,municipio_code,municipio_name,edad,periodo,total,,,,,,,,,,,,,,,,,,,,,,,,,,,,,,,,,,,,,,,,,,,,,,
cifras_municipio_mujeres_2011.csv,ETL/cifras_poblacion_municipio/data_final/drive-download-20250506T180657Z-001/cifras_municipio_mujeres_2011.csv,sexo,municipio_code,municipio_name,edad,periodo,total,,,,,,,,,,,,,,,,,,,,,,,,,,,,,,,,,,,,,,,,,,,,,,
tamaño_medio_hogares_ccaa_completo.csv,ETL/tamaño_medio_hogares_ccaa/data_final/tamaño_medio_hogares_ccaa_completo.csv,comunidad_code,año,total,,,,,,,,,,,,,,,,,,,,,,,,,,,,,,,,,,,,,,,,,,,,,,,,,
tamaño_medio_hogares_ccaa_2023.csv,ETL/tamaño_medio_hogares_ccaa/data_final/tamaño_medio_hogares_ccaa_2023.csv,comunidad_code,total,,,,,,,,,,,,,,,,,,,,,,,,,,,,,,,,,,,,,,,,,,,,,,,,,,
df_original.csv,ETL/tamaño_medio_hogares_ccaa/data_final/df_original.csv,"﻿""AREAP","avg_num_people""",,,,,,,,,,,,,,,,,,,,,,,,,,,,,,,,,,,,,,,,,,,,,,,,,,
tamaño_medio_hogares_ccaa_2025.csv,ETL/tamaño_medio_hogares_ccaa/data_final/tamaño_medio_hogares_ccaa_2025.csv,comunidad_code,total,,,,,,,,,,,,,,,,,,,,,,,,,,,,,,,,,,,,,,,,,,,,,,,,,,
tamaño_medio_hogares_ccaa_2021.csv,ETL/tamaño_medio_hogares_ccaa/data_final/tamaño_medio_hogares_ccaa_2021.csv,comunidad_code,total,,,,,,,,,,,,,,,,,,,,,,,,,,,,,,,,,,,,,,,,,,,,,,,,,,
tamaño_medio_hogares_ccaa_2022.csv,ETL/tamaño_medio_hogares_ccaa/data_final/tamaño_medio_hogares_ccaa_2022.csv,comunidad_code,total,,,,,,,,,,,,,,,,,,,,,,,,,,,,,,,,,,,,,,,,,,,,,,,,,,
tamaño_medio_hogares_ccaa_2024.csv,ETL/tamaño_medio_hogares_ccaa/data_final/tamaño_medio_hogares_ccaa_2024.csv,comunidad_code,total,,,,,,,,,,,,,,,,,,,,,,,,,,,,,,,,,,,,,,,,,,,,,,,,,,
pie_final_final.csv,ETL/PIE/data/raw/finanzas/liquidaciones/preprocess/pie_final_final.csv,codigo_provincia,codigo_municipio,nombre_municipio,total_participacion_variables,año,poblacion,esfuerzo_fiscal,inverso_capacidad_tributaria,,,,,,,,,,,,,,,,,,,,,,,,,,,,,,,,,,,,,,,,,,,,
pie_final.csv,ETL/PIE/data/raw/finanzas/liquidaciones/preprocess/pie_final.csv,codigo_provincia,codigo_municipio,nombre_municipio,total_participacion_variables,año,poblacion,esfuerzo_fiscal,inverso_capacidad_tributaria,,,,,,,,,,,,,,,,,,,,,,,,,,,,,,,,,,,,,,,,,,,,
cifras_poblacion_municipio.csv,ETL/empresas_municipio_actividad_principal/cifras_poblacion_municipio.csv,mun_code,1996,1998,1999,2000,2001,2002,2003,2004,2005,2006,2007,2008,2009,2010,2011,2012,2013,2014,2015,2016,2017,2018,2019,2020,2021,2022,2023,2024,num_outliers,,,,,,,,,,,,,,,,,,,,,,
empresas_por_municipio_y_actividad.csv,ETL/empresas_municipio_actividad_principal/tablas_intermedias/empresas_por_municipio_y_actividad.csv,﻿Totales Territoriales	Provincias	Municipios	Grupos CNAE	Periodo	Total,,,,,,,,,,,,,,,,,,,,,,,,,,,,,,,,,,,,,,,,,,,,,,,,,,,
df_total_cnae_extracted.csv,ETL/empresas_municipio_actividad_principal/preprocesados/df_total_cnae_extracted.csv,Totales Territoriales,Provincias,Municipios,Grupos CNAE,Periodo,Total,municipio_code,municipio_name,,,,,,,,,,,,,,,,,,,,,,,,,,,,,,,,,,,,,,,,,,,,
df_filtered_stage2.csv,ETL/empresas_municipio_actividad_principal/preprocesados/df_filtered_stage2.csv,municipio_code,municipio_name,Periodo,Total,,,,,,,,,,,,,,,,,,,,,,,,,,,,,,,,,,,,,,,,,,,,,,,,
df_base_selected.csv,ETL/empresas_municipio_actividad_principal/preprocesados/df_base_selected.csv,municipio_code,municipio_name,Periodo,Total,,,,,,,,,,,,,,,,,,,,,,,,,,,,,,,,,,,,,,,,,,,,,,,,
df_filtered_stage1.csv,ETL/empresas_municipio_actividad_principal/preprocesados/df_filtered_stage1.csv,municipio_code,municipio_name,Periodo,Total,,,,,,,,,,,,,,,,,,,,,,,,,,,,,,,,,,,,,,,,,,,,,,,,
empresas_municipio_actividad_principal.csv,ETL/empresas_municipio_actividad_principal/preprocesados/empresas_municipio_actividad_principal.csv,municipio_code,municipio_name,Periodo,Total,,,,,,,,,,,,,,,,,,,,,,,,,,,,,,,,,,,,,,,,,,,,,,,,
interest_fixed.csv,ETL/interest_data_ETL/data/interest_fixed.csv,date;interest;mortgage,,,,,,,,,,,,,,,,,,,,,,,,,,,,,,,,,,,,,,,,,,,,,,,,,,,
bde_mortgage_monthly.csv,ETL/interest_data_ETL/data/bde_mortgage_monthly.csv,date;mortgage,,,,,,,,,,,,,,,,,,,,,,,,,,,,,,,,,,,,,,,,,,,,,,,,,,,
ecb_interest_monthly.csv,ETL/interest_data_ETL/data/ecb_interest_monthly.csv,date;interest,,,,,,,,,,,,,,,,,,,,,,,,,,,,,,,,,,,,,,,,,,,,,,,,,,,
eurostat_hicp_monthly.csv,ETL/interest_data_ETL/data/eurostat_hicp_monthly.csv,date;hicp_index;hicp_rate,,,,,,,,,,,,,,,,,,,,,,,,,,,,,,,,,,,,,,,,,,,,,,,,,,,
interest_fixed_imputado.csv,ETL/interest_data_ETL/imputados/interest_fixed_imputado.csv,date;interest;mortgage,,,,,,,,,,,,,,,,,,,,,,,,,,,,,,,,,,,,,,,,,,,,,,,,,,,
interest_real_imputado.csv,ETL/interest_data_ETL/imputados/interest_real_imputado.csv,date;interest;mortgage,,,,,,,,,,,,,,,,,,,,,,,,,,,,,,,,,,,,,,,,,,,,,,,,,,,
interest_nominal_imputado.csv,ETL/interest_data_ETL/imputados/interest_nominal_imputado.csv,date;interest;mortgage,,,,,,,,,,,,,,,,,,,,,,,,,,,,,,,,,,,,,,,,,,,,,,,,,,,
tabla_2860.csv,ETL/estimativas_pop/tablas_intermedias/tabla_2860.csv,﻿Municipios	Sexo	Periodo	Total,,,,,,,,,,,,,,,,,,,,,,,,,,,,,,,,,,,,,,,,,,,,,,,,,,,
tabla_2862.csv,ETL/estimativas_pop/tablas_intermedias/tabla_2862.csv,﻿Municipios	Sexo	Periodo	Total,,,,,,,,,,,,,,,,,,,,,,,,,,,,,,,,,,,,,,,,,,,,,,,,,,,
tabla_2866.csv,ETL/estimativas_pop/tablas_intermedias/tabla_2866.csv,﻿Municipios	Sexo	Periodo	Total,,,,,,,,,,,,,,,,,,,,,,,,,,,,,,,,,,,,,,,,,,,,,,,,,,,
tabla_2894.csv,ETL/estimativas_pop/tablas_intermedias/tabla_2894.csv,﻿Municipios	Sexo	Periodo	Total,,,,,,,,,,,,,,,,,,,,,,,,,,,,,,,,,,,,,,,,,,,,,,,,,,,
tabla_2900.csv,ETL/estimativas_pop/tablas_intermedias/tabla_2900.csv,﻿Municipios	Sexo	Periodo	Total,,,,,,,,,,,,,,,,,,,,,,,,,,,,,,,,,,,,,,,,,,,,,,,,,,,
tabla_2907.csv,ETL/estimativas_pop/tablas_intermedias/tabla_2907.csv,﻿Municipios	Sexo	Periodo	Total,,,,,,,,,,,,,,,,,,,,,,,,,,,,,,,,,,,,,,,,,,,,,,,,,,,
tabla_2890.csv,ETL/estimativas_pop/tablas_intermedias/tabla_2890.csv,﻿Municipios	Sexo	Periodo	Total,,,,,,,,,,,,,,,,,,,,,,,,,,,,,,,,,,,,,,,,,,,,,,,,,,,
tabla_2884.csv,ETL/estimativas_pop/tablas_intermedias/tabla_2884.csv,﻿Municipios	Sexo	Periodo	Total,,,,,,,,,,,,,,,,,,,,,,,,,,,,,,,,,,,,,,,,,,,,,,,,,,,
tabla_2888.csv,ETL/estimativas_pop/tablas_intermedias/tabla_2888.csv,﻿Municipios	Sexo	Periodo	Total,,,,,,,,,,,,,,,,,,,,,,,,,,,,,,,,,,,,,,,,,,,,,,,,,,,
tabla_2905.csv,ETL/estimativas_pop/tablas_intermedias/tabla_2905.csv,﻿Municipios	Sexo	Periodo	Total,,,,,,,,,,,,,,,,,,,,,,,,,,,,,,,,,,,,,,,,,,,,,,,,,,,
tabla_2909.csv,ETL/estimativas_pop/tablas_intermedias/tabla_2909.csv,﻿Municipios	Sexo	Periodo	Total,,,,,,,,,,,,,,,,,,,,,,,,,,,,,,,,,,,,,,,,,,,,,,,,,,,
tabla_2871.csv,ETL/estimativas_pop/tablas_intermedias/tabla_2871.csv,﻿Municipios	Sexo	Periodo	Total,,,,,,,,,,,,,,,,,,,,,,,,,,,,,,,,,,,,,,,,,,,,,,,,,,,
tabla_2856.csv,ETL/estimativas_pop/tablas_intermedias/tabla_2856.csv,﻿Municipios	Sexo	Periodo	Total,,,,,,,,,,,,,,,,,,,,,,,,,,,,,,,,,,,,,,,,,,,,,,,,,,,
tabla_2861.csv,ETL/estimativas_pop/tablas_intermedias/tabla_2861.csv,﻿Municipios	Sexo	Periodo	Total,,,,,,,,,,,,,,,,,,,,,,,,,,,,,,,,,,,,,,,,,,,,,,,,,,,
tabla_2901.csv,ETL/estimativas_pop/tablas_intermedias/tabla_2901.csv,﻿Municipios	Sexo	Periodo	Total,,,,,,,,,,,,,,,,,,,,,,,,,,,,,,,,,,,,,,,,,,,,,,,,,,,
tabla_2880.csv,ETL/estimativas_pop/tablas_intermedias/tabla_2880.csv,﻿Municipios	Sexo	Periodo	Total,,,,,,,,,,,,,,,,,,,,,,,,,,,,,,,,,,,,,,,,,,,,,,,,,,,
tabla_2876.csv,ETL/estimativas_pop/tablas_intermedias/tabla_2876.csv,﻿Municipios	Sexo	Periodo	Total,,,,,,,,,,,,,,,,,,,,,,,,,,,,,,,,,,,,,,,,,,,,,,,,,,,
tabla_2895.csv,ETL/estimativas_pop/tablas_intermedias/tabla_2895.csv,﻿Municipios	Sexo	Periodo	Total,,,,,,,,,,,,,,,,,,,,,,,,,,,,,,,,,,,,,,,,,,,,,,,,,,,
tabla_2875.csv,ETL/estimativas_pop/tablas_intermedias/tabla_2875.csv,﻿Municipios	Sexo	Periodo	Total,,,,,,,,,,,,,,,,,,,,,,,,,,,,,,,,,,,,,,,,,,,,,,,,,,,
tabla_2859.csv,ETL/estimativas_pop/tablas_intermedias/tabla_2859.csv,﻿Municipios	Sexo	Periodo	Total,,,,,,,,,,,,,,,,,,,,,,,,,,,,,,,,,,,,,,,,,,,,,,,,,,,
tabla_2869.csv,ETL/estimativas_pop/tablas_intermedias/tabla_2869.csv,﻿Municipios	Sexo	Periodo	Total,,,,,,,,,,,,,,,,,,,,,,,,,,,,,,,,,,,,,,,,,,,,,,,,,,,
tabla_2857.csv,ETL/estimativas_pop/tablas_intermedias/tabla_2857.csv,﻿Municipios	Sexo	Periodo	Total,,,,,,,,,,,,,,,,,,,,,,,,,,,,,,,,,,,,,,,,,,,,,,,,,,,
tabla_2855.csv,ETL/estimativas_pop/tablas_intermedias/tabla_2855.csv,﻿Municipios	Sexo	Periodo	Total,,,,,,,,,,,,,,,,,,,,,,,,,,,,,,,,,,,,,,,,,,,,,,,,,,,
tabla_2886.csv,ETL/estimativas_pop/tablas_intermedias/tabla_2886.csv,﻿Municipios	Sexo	Periodo	Total,,,,,,,,,,,,,,,,,,,,,,,,,,,,,,,,,,,,,,,,,,,,,,,,,,,
tabla_2908.csv,ETL/estimativas_pop/tablas_intermedias/tabla_2908.csv,﻿Municipios	Sexo	Periodo	Total,,,,,,,,,,,,,,,,,,,,,,,,,,,,,,,,,,,,,,,,,,,,,,,,,,,
tabla_2892.csv,ETL/estimativas_pop/tablas_intermedias/tabla_2892.csv,﻿Municipios	Sexo	Periodo	Total,,,,,,,,,,,,,,,,,,,,,,,,,,,,,,,,,,,,,,,,,,,,,,,,,,,
tabla_2906.csv,ETL/estimativas_pop/tablas_intermedias/tabla_2906.csv,﻿Municipios	Sexo	Periodo	Total,,,,,,,,,,,,,,,,,,,,,,,,,,,,,,,,,,,,,,,,,,,,,,,,,,,
tabla_2879.csv,ETL/estimativas_pop/tablas_intermedias/tabla_2879.csv,﻿Municipios	Sexo	Periodo	Total,,,,,,,,,,,,,,,,,,,,,,,,,,,,,,,,,,,,,,,,,,,,,,,,,,,
tabla_2858.csv,ETL/estimativas_pop/tablas_intermedias/tabla_2858.csv,﻿Municipios	Sexo	Periodo	Total,,,,,,,,,,,,,,,,,,,,,,,,,,,,,,,,,,,,,,,,,,,,,,,,,,,
tabla_2881.csv,ETL/estimativas_pop/tablas_intermedias/tabla_2881.csv,﻿Municipios	Sexo	Periodo	Total,,,,,,,,,,,,,,,,,,,,,,,,,,,,,,,,,,,,,,,,,,,,,,,,,,,
tabla_2891.csv,ETL/estimativas_pop/tablas_intermedias/tabla_2891.csv,﻿Municipios	Sexo	Periodo	Total,,,,,,,,,,,,,,,,,,,,,,,,,,,,,,,,,,,,,,,,,,,,,,,,,,,
tabla_2870.csv,ETL/estimativas_pop/tablas_intermedias/tabla_2870.csv,﻿Municipios	Sexo	Periodo	Total,,,,,,,,,,,,,,,,,,,,,,,,,,,,,,,,,,,,,,,,,,,,,,,,,,,
tabla_2899.csv,ETL/estimativas_pop/tablas_intermedias/tabla_2899.csv,﻿Municipios	Sexo	Periodo	Total,,,,,,,,,,,,,,,,,,,,,,,,,,,,,,,,,,,,,,,,,,,,,,,,,,,
tabla_2878.csv,ETL/estimativas_pop/tablas_intermedias/tabla_2878.csv,﻿Municipios	Sexo	Periodo	Total,,,,,,,,,,,,,,,,,,,,,,,,,,,,,,,,,,,,,,,,,,,,,,,,,,,
tabla_2877.csv,ETL/estimativas_pop/tablas_intermedias/tabla_2877.csv,﻿Municipios	Sexo	Periodo	Total,,,,,,,,,,,,,,,,,,,,,,,,,,,,,,,,,,,,,,,,,,,,,,,,,,,
tabla_2868.csv,ETL/estimativas_pop/tablas_intermedias/tabla_2868.csv,﻿Municipios	Sexo	Periodo	Total,,,,,,,,,,,,,,,,,,,,,,,,,,,,,,,,,,,,,,,,,,,,,,,,,,,
tabla_2882.csv,ETL/estimativas_pop/tablas_intermedias/tabla_2882.csv,﻿Municipios	Sexo	Periodo	Total,,,,,,,,,,,,,,,,,,,,,,,,,,,,,,,,,,,,,,,,,,,,,,,,,,,
tabla_2863.csv,ETL/estimativas_pop/tablas_intermedias/tabla_2863.csv,﻿Municipios	Sexo	Periodo	Total,,,,,,,,,,,,,,,,,,,,,,,,,,,,,,,,,,,,,,,,,,,,,,,,,,,
tabla_2872.csv,ETL/estimativas_pop/tablas_intermedias/tabla_2872.csv,﻿Municipios	Sexo	Periodo	Total,,,,,,,,,,,,,,,,,,,,,,,,,,,,,,,,,,,,,,,,,,,,,,,,,,,
tabla_2893.csv,ETL/estimativas_pop/tablas_intermedias/tabla_2893.csv,﻿Municipios	Sexo	Periodo	Total,,,,,,,,,,,,,,,,,,,,,,,,,,,,,,,,,,,,,,,,,,,,,,,,,,,
tabla_2889.csv,ETL/estimativas_pop/tablas_intermedias/tabla_2889.csv,﻿Municipios	Sexo	Periodo	Total,,,,,,,,,,,,,,,,,,,,,,,,,,,,,,,,,,,,,,,,,,,,,,,,,,,
tabla_2874.csv,ETL/estimativas_pop/tablas_intermedias/tabla_2874.csv,﻿Municipios	Sexo	Periodo	Total,,,,,,,,,,,,,,,,,,,,,,,,,,,,,,,,,,,,,,,,,,,,,,,,,,,
tabla_2864.csv,ETL/estimativas_pop/tablas_intermedias/tabla_2864.csv,﻿Municipios	Sexo	Periodo	Total,,,,,,,,,,,,,,,,,,,,,,,,,,,,,,,,,,,,,,,,,,,,,,,,,,,
tabla_2883.csv,ETL/estimativas_pop/tablas_intermedias/tabla_2883.csv,﻿Municipios	Sexo	Periodo	Total,,,,,,,,,,,,,,,,,,,,,,,,,,,,,,,,,,,,,,,,,,,,,,,,,,,
tabla_2902.csv,ETL/estimativas_pop/tablas_intermedias/tabla_2902.csv,﻿Municipios	Sexo	Periodo	Total,,,,,,,,,,,,,,,,,,,,,,,,,,,,,,,,,,,,,,,,,,,,,,,,,,,
tabla_2854.csv,ETL/estimativas_pop/tablas_intermedias/tabla_2854.csv,﻿Municipios	Sexo	Periodo	Total,,,,,,,,,,,,,,,,,,,,,,,,,,,,,,,,,,,,,,,,,,,,,,,,,,,
tabla_2865.csv,ETL/estimativas_pop/tablas_intermedias/tabla_2865.csv,﻿Municipios	Sexo	Periodo	Total,,,,,,,,,,,,,,,,,,,,,,,,,,,,,,,,,,,,,,,,,,,,,,,,,,,
tabla_2903.csv,ETL/estimativas_pop/tablas_intermedias/tabla_2903.csv,﻿Municipios	Sexo	Periodo	Total,,,,,,,,,,,,,,,,,,,,,,,,,,,,,,,,,,,,,,,,,,,,,,,,,,,
tabla_2904.csv,ETL/estimativas_pop/tablas_intermedias/tabla_2904.csv,﻿Municipios	Sexo	Periodo	Total,,,,,,,,,,,,,,,,,,,,,,,,,,,,,,,,,,,,,,,,,,,,,,,,,,,
tabla_2873.csv,ETL/estimativas_pop/tablas_intermedias/tabla_2873.csv,﻿Municipios	Sexo	Periodo	Total,,,,,,,,,,,,,,,,,,,,,,,,,,,,,,,,,,,,,,,,,,,,,,,,,,,
tabla_2885.csv,ETL/estimativas_pop/tablas_intermedias/tabla_2885.csv,﻿Municipios	Sexo	Periodo	Total,,,,,,,,,,,,,,,,,,,,,,,,,,,,,,,,,,,,,,,,,,,,,,,,,,,
tabla_2896.csv,ETL/estimativas_pop/tablas_intermedias/tabla_2896.csv,﻿Municipios	Sexo	Periodo	Total,,,,,,,,,,,,,,,,,,,,,,,,,,,,,,,,,,,,,,,,,,,,,,,,,,,
df_pivot.csv,ETL/estimativas_pop/preprocesados/df_pivot.csv,mun_code,1996,1998,1999,2000,2001,2002,2003,2004,2005,2006,2007,2008,2009,2010,2011,2012,2013,2014,2015,2016,2017,2018,2019,2020,2021,2022,2023,2024,,,,,,,,,,,,,,,,,,,,,,,
df_pivot_numeric.csv,ETL/estimativas_pop/preprocesados/df_pivot_numeric.csv,mun_code,1996,1998,1999,2000,2001,2002,2003,2004,2005,2006,2007,2008,2009,2010,2011,2012,2013,2014,2015,2016,2017,2018,2019,2020,2021,2022,2023,2024,,,,,,,,,,,,,,,,,,,,,,,
municipios_borrados_por_nan.csv,ETL/estimativas_pop/preprocesados/municipios_borrados_por_nan.csv,mun_code_borrado,,,,,,,,,,,,,,,,,,,,,,,,,,,,,,,,,,,,,,,,,,,,,,,,,,,
df_unido.csv,ETL/estimativas_pop/preprocesados/df_unido.csv,Municipios,Sexo,Periodo,Total,table_code,,,,,,,,,,,,,,,,,,,,,,,,,,,,,,,,,,,,,,,,,,,,,,,
df_unido_preprocessed.csv,ETL/estimativas_pop/preprocesados/df_unido_preprocessed.csv,Municipios,Sexo,Periodo,Total,table_code,mun_code,Municipios_name,,,,,,,,,,,,,,,,,,,,,,,,,,,,,,,,,,,,,,,,,,,,,
cifras_poblacion_municipio.csv,ETL/estimativas_pop/preprocesados/cifras_poblacion_municipio.csv,mun_code,1996,1998,1999,2000,2001,2002,2003,2004,2005,2006,2007,2008,2009,2010,2011,2012,2013,2014,2015,2016,2017,2018,2019,2020,2021,2022,2023,2024,,,,,,,,,,,,,,,,,,,,,,,
df_outliers_corrected.csv,ETL/estimativas_pop/preprocesados/df_outliers_corrected.csv,mun_code,1996,1998,1999,2000,2001,2002,2003,2004,2005,2006,2007,2008,2009,2010,2011,2012,2013,2014,2015,2016,2017,2018,2019,2020,2021,2022,2023,2024,,,,,,,,,,,,,,,,,,,,,,,
tabla_65289.csv,ETL/nivel_educativo_comunidades/data_final/tabla_65289.csv,﻿Sexo	Comunidades y Ciudades Autónomas	Nivel de formación alcanzado	Periodo	Total,,,,,,,,,,,,,,,,,,,,,,,,,,,,,,,,,,,,,,,,,,,,,,,,,,,
nivel_educativo_comunidades_2018.csv,ETL/nivel_educativo_comunidades/data_final/nivel_educativo_comunidades_2018.csv,ccaa_code,1.0,2.0,3.0,5.0,6.0,7.0,,,,,,,,,,,,,,,,,,,,,,,,,,,,,,,,,,,,,,,,,,,,,
nivel_educativo_comunidades_pivot.csv,ETL/nivel_educativo_comunidades/data_final/nivel_educativo_comunidades_pivot.csv,ccaa_code,año,1.0,2.0,3.0,5.0,6.0,7.0,,,,,,,,,,,,,,,,,,,,,,,,,,,,,,,,,,,,,,,,,,,,
nivel_educativo_comunidades_2025.csv,ETL/nivel_educativo_comunidades/data_final/nivel_educativo_comunidades_2025.csv,ccaa_code,1.0,2.0,3.0,5.0,6.0,7.0,,,,,,,,,,,,,,,,,,,,,,,,,,,,,,,,,,,,,,,,,,,,,
nivel_educativo_comunidades_completo.csv,ETL/nivel_educativo_comunidades/data_final/nivel_educativo_comunidades_completo.csv,ccaa_code,ccaa_name,año,nivel_formacion,media_total,nivel_formacion_code,,,,,,,,,,,,,,,,,,,,,,,,,,,,,,,,,,,,,,,,,,,,,,
nivel_educativo_comunidades_2014.csv,ETL/nivel_educativo_comunidades/data_final/nivel_educativo_comunidades_2014.csv,ccaa_code,1.0,2.0,3.0,5.0,6.0,7.0,,,,,,,,,,,,,,,,,,,,,,,,,,,,,,,,,,,,,,,,,,,,,
nivel_educativo_comunidades_2024.csv,ETL/nivel_educativo_comunidades/data_final/nivel_educativo_comunidades_2024.csv,ccaa_code,1.0,2.0,3.0,5.0,6.0,7.0,,,,,,,,,,,,,,,,,,,,,,,,,,,,,,,,,,,,,,,,,,,,,
nivel_educativo_comunidades_2015.csv,ETL/nivel_educativo_comunidades/data_final/nivel_educativo_comunidades_2015.csv,ccaa_code,1.0,2.0,3.0,5.0,6.0,7.0,,,,,,,,,,,,,,,,,,,,,,,,,,,,,,,,,,,,,,,,,,,,,
nivel_educativo_comunidades_2016.csv,ETL/nivel_educativo_comunidades/data_final/nivel_educativo_comunidades_2016.csv,ccaa_code,1.0,2.0,3.0,5.0,6.0,7.0,,,,,,,,,,,,,,,,,,,,,,,,,,,,,,,,,,,,,,,,,,,,,
nivel_educativo_comunidades_2023.csv,ETL/nivel_educativo_comunidades/data_final/nivel_educativo_comunidades_2023.csv,ccaa_code,1.0,2.0,3.0,5.0,6.0,7.0,,,,,,,,,,,,,,,,,,,,,,,,,,,,,,,,,,,,,,,,,,,,,
nivel_educativo_comunidades_2019.csv,ETL/nivel_educativo_comunidades/data_final/nivel_educativo_comunidades_2019.csv,ccaa_code,1.0,2.0,3.0,5.0,6.0,7.0,,,,,,,,,,,,,,,,,,,,,,,,,,,,,,,,,,,,,,,,,,,,,
nivel_educativo_comunidades_2022.csv,ETL/nivel_educativo_comunidades/data_final/nivel_educativo_comunidades_2022.csv,ccaa_code,1.0,2.0,3.0,5.0,6.0,7.0,,,,,,,,,,,,,,,,,,,,,,,,,,,,,,,,,,,,,,,,,,,,,
nivel_educativo_comunidades_2020.csv,ETL/nivel_educativo_comunidades/data_final/nivel_educativo_comunidades_2020.csv,ccaa_code,1.0,2.0,3.0,5.0,6.0,7.0,,,,,,,,,,,,,,,,,,,,,,,,,,,,,,,,,,,,,,,,,,,,,
nivel_educativo_comunidades_2021.csv,ETL/nivel_educativo_comunidades/data_final/nivel_educativo_comunidades_2021.csv,ccaa_code,1.0,2.0,3.0,5.0,6.0,7.0,,,,,,,,,,,,,,,,,,,,,,,,,,,,,,,,,,,,,,,,,,,,,
nivel_educativo_comunidades_2017.csv,ETL/nivel_educativo_comunidades/data_final/nivel_educativo_comunidades_2017.csv,ccaa_code,1.0,2.0,3.0,5.0,6.0,7.0,,,,,,,,,,,,,,,,,,,,,,,,,,,,,,,,,,,,,,,,,,,,,
